Class,Detection Rate,False Alarm Rate
DoS,0.999546485260771,1.2039648971994573e-06
Probe,0.7483870967741936,2.0417011453943426e-05
R2L,0.9815303430079155,3.363706804898999e-05
U2R,0.8947368421052632,9.006239522741355e-05
normal,0.99985783423713,0.017284839755131436
